Age,Embarked,FamilyCount,Fare,Parch,PassengerId,Pclass,Sex,SibSp,Ticket,Title,Survived
0,C,1,8.5167,1,804,3,male,0,2,Master,1
1,C,2,15.7417,2,382,3,female,0,2,Miss,1
1,C,2,37.0042,2,828,2,male,0,S,Master,1
1,C,3,19.2583,1,470,3,female,2,2,Miss,1
1,C,3,19.2583,1,645,3,female,2,2,Miss,1
1,S,2,11.1333,1,173,3,female,1,3,Miss,1
1,S,2,14.5,1,756,2,male,1,2,Master,1
1,S,2,18.75,1,832,2,male,1,2,Master,1
1,S,2,29,2,79,2,male,0,2,Master,1
1,S,3,20.575,2,789,3,male,1,C,Master,1
1,S,3,39,1,184,2,male,2,2,Master,1
1,S,3,151.55,2,306,1,male,1,1,Master,1
1,S,5,39.6875,1,165,3,male,4,3,Master,0
1,S,7,46.9,2,387,3,male,5,C,Master,0
2,Q,5,29.125,1,17,3,male,4,3,Master,0
2,S,1,10.4625,1,206,3,female,0,3,Miss,0
2,S,1,12.2875,1,480,3,female,0,3,Miss,1
2,S,2,26,1,341,2,male,1,2,Master,1
2,S,2,26,1,531,2,female,1,2,Miss,1
2,S,3,151.55,2,298,1,female,1,1,Miss,0
2,S,4,21.075,1,8,3,male,3,3,Master,0
2,S,5,27.9,2,643,3,female,3,3,Miss,0
2,S,5,39.6875,1,825,3,male,4,3,Master,0
2,S,6,31.275,2,120,3,female,4,3,Miss,0
3,C,3,41.5792,2,44,2,female,1,S,Miss,1
3,S,2,15.9,1,349,3,male,1,C,Master,1
3,S,2,18.75,1,408,2,male,1,2,Master,1
3,S,2,26,1,194,2,male,1,2,Master,1
3,S,4,21.075,1,375,3,female,3,3,Miss,0
3,S,6,31.3875,2,262,3,male,4,3,Master,1
4,C,1,13.4167,1,692,3,female,0,3,Miss,1
4,Q,5,29.125,1,172,3,male,4,3,Master,0
4,S,2,11.1333,1,870,3,male,1,3,Master,1
4,S,2,16.7,1,11,3,female,1,P,Miss,1
4,S,2,22.025,2,185,3,female,0,3,Miss,1
4,S,2,23,1,751,2,female,1,2,Miss,1
4,S,2,81.8583,2,446,1,male,0,3,Master,1
4,S,3,39,1,619,2,female,2,2,Miss,1
4,S,5,27.9,2,64,3,male,3,3,Master,0
4,S,6,31.275,2,851,3,male,4,3,Master,0
5,C,3,19.2583,1,449,3,female,2,2,Miss,1
5,S,0,12.475,0,778,3,female,0,3,Miss,1
5,S,3,27.75,2,59,2,female,1,C,Miss,1
5,S,6,31.3875,2,234,3,female,4,3,Miss,1
6,S,1,12.475,1,752,3,male,0,3,Master,1
6,S,1,33,1,721,2,female,0,2,Miss,1
6,S,6,31.275,2,814,3,female,4,3,Miss,0
7,Q,5,29.125,1,279,3,male,4,3,Master,0
7,S,2,26.25,2,536,2,female,0,F,Miss,1
7,S,5,39.6875,1,51,3,male,4,3,Master,0
8,Q,5,29.125,1,788,3,male,4,3,Master,0
8,S,2,26.25,2,238,2,female,0,C,Miss,1
8,S,2,36.75,1,550,2,male,1,C,Master,1
8,S,4,21.075,1,25,3,female,3,3,Miss,0
9,C,2,15.2458,1,853,3,female,1,2,Miss,0
9,S,2,15.9,1,490,3,male,1,C,Master,1
9,S,2,20.525,2,166,3,male,0,3,Master,1
9,S,4,34.375,2,148,3,female,2,W,Miss,0
9,S,5,27.9,2,635,3,female,3,3,Miss,0
9,S,6,31.275,2,542,3,female,4,3,Miss,0
9,S,6,31.3875,2,183,3,male,4,3,Master,0
9,S,7,46.9,2,481,3,male,5,C,Master,0
10,S,2,24.15,2,420,3,female,0,3,Miss,0
10,S,5,27.9,2,820,3,male,3,3,Master,0
11,C,0,18.7875,0,732,3,male,0,2,Mr,0
11,S,3,120,2,803,1,male,1,1,Master,1
11,S,6,31.275,2,543,3,female,4,3,Miss,0
11,S,7,46.9,2,60,3,male,5,C,Master,0
12,C,1,11.2417,0,126,3,male,1,2,Master,1
13,C,0,7.2292,0,781,3,female,0,2,Miss,1
13,S,1,19.5,1,447,2,female,0,2,Miss,1
14,C,1,11.2417,0,40,3,female,1,2,Miss,1
14,C,1,14.4542,0,112,3,female,1,2,Miss,0
14,C,1,30.0708,0,10,2,female,1,2,Mrs,1
14,S,0,7.8542,0,15,3,female,0,3,Miss,0
14,S,3,120,2,436,1,female,1,1,Miss,1
14,S,5,39.6875,1,687,3,male,4,3,Mr,0
14,S,7,46.9,2,684,3,male,5,C,Mr,0
15,C,0,7.225,0,876,3,female,0,2,Miss,1
15,C,1,14.4542,0,831,3,female,1,2,Mrs,1
15,C,2,7.2292,1,353,3,male,1,2,Mr,0
15,Q,0,8.0292,0,23,3,female,0,3,Miss,1
15,S,1,211.3375,1,690,1,female,0,2,Miss,1
16,C,1,57.9792,1,330,1,female,0,1,Miss,1
16,Q,0,7.7333,0,157,3,female,0,3,Miss,1
16,Q,0,7.75,0,209,3,female,0,3,Miss,1
16,S,0,7.775,0,765,3,male,0,3,Mr,0
16,S,0,8.05,0,221,3,male,0,S,Mr,1
16,S,0,8.05,0,575,3,male,0,A,Mr,0
16,S,0,9.2167,0,139,3,male,0,7,Mr,0
16,S,0,9.5,0,283,3,male,0,3,Mr,0
16,S,0,10.5,0,842,2,male,0,S,Mr,0
16,S,0,26,0,792,2,male,0,2,Mr,0
16,S,0,86.5,0,505,1,female,0,1,Miss,1
16,S,1,39.4,1,854,1,female,0,P,Miss,1
16,S,2,18,0,334,3,male,2,3,Mr,0
16,S,2,20.25,1,747,3,male,1,C,Mr,0
16,S,4,34.375,3,87,3,male,1,W,Mr,0
16,S,5,39.6875,1,267,3,male,4,3,Mr,0
16,S,7,46.9,2,72,3,female,5,C,Miss,0
17,C,0,12,0,390,2,female,0,S,Miss,1
17,C,0,14.4583,0,115,3,female,0,2,Miss,0
17,C,1,108.9,0,308,1,female,1,P,Mrs,1
17,C,2,7.2292,1,533,3,male,1,2,Mr,0
17,C,2,110.8833,2,551,1,male,0,1,Mr,1
17,S,0,7.125,0,434,3,male,0,S,Mr,0
17,S,0,8.6625,0,164,3,male,0,3,Mr,0
17,S,0,8.6625,0,501,3,male,0,3,Mr,0
17,S,0,8.6625,0,845,3,male,0,3,Mr,0
17,S,0,10.5,0,85,2,female,0,S,Miss,1
17,S,1,7.0542,0,722,3,male,1,3,Mr,0
17,S,1,57,0,782,1,female,1,1,Mrs,1
17,S,6,7.925,2,69,3,female,4,3,Miss,1
18,C,1,14.4542,1,703,3,female,0,2,Miss,0
18,C,1,108.9,0,506,1,male,1,P,Mr,0
18,C,1,227.525,0,701,1,female,1,P,Mrs,1
18,C,4,262.375,2,312,1,female,2,P,Miss,1
18,Q,0,6.75,0,655,3,female,0,3,Miss,0
18,S,0,7.4958,0,787,3,female,0,3,Miss,1
18,S,0,7.75,0,776,3,male,0,3,Mr,0
18,S,0,7.775,0,676,3,male,0,3,Mr,0
18,S,0,7.775,0,808,3,female,0,3,Miss,0
18,S,0,7.7958,0,689,3,male,0,3,Mr,0
18,S,0,8.05,0,205,3,male,0,A,Mr,1
18,S,0,8.3,0,835,3,male,0,2,Mr,0
18,S,0,9.8417,0,678,3,female,0,4,Miss,1
18,S,0,11.5,0,145,2,male,0,2,Mr,0
18,S,0,11.5,0,758,2,male,0,2,Mr,0
18,S,0,13,0,229,2,male,0,2,Mr,0
18,S,0,73.5,0,386,2,male,0,S,Mr,0
18,S,1,6.4958,0,372,3,male,1,3,Mr,0
18,S,1,9.35,1,856,3,female,0,3,Mrs,1
18,S,1,17.8,0,50,3,female,1,3,Mrs,0
18,S,1,23,1,652,2,female,0,2,Miss,1
18,S,2,7.8542,1,176,3,male,1,3,Mr,0
18,S,2,13,2,418,2,female,0,2,Miss,1
18,S,2,18,0,39,3,female,2,3,Miss,0
18,S,2,20.2125,1,425,3,male,1,3,Mr,0
18,S,2,79.65,2,586,1,female,0,1,Miss,1
19,C,1,91.0792,0,292,1,female,1,1,Mrs,1
19,Q,0,6.75,0,144,3,male,0,3,Mr,0
19,Q,0,7.8792,0,45,3,female,0,3,Miss,1
19,S,0,0,0,303,3,male,0,L,Mr,0
19,S,0,7.65,0,716,3,male,0,3,Mr,0
19,S,0,7.775,0,380,3,male,0,3,Mr,0
19,S,0,7.8958,0,567,3,male,0,3,Mr,0
19,S,0,7.8958,0,647,3,male,0,3,Mr,0
19,S,0,7.8958,0,878,3,male,0,3,Mr,0
19,S,0,8.05,0,284,3,male,0,A,Mr,1
19,S,0,8.05,0,373,3,male,0,3,Mr,0
19,S,0,8.1583,0,68,3,male,0,S,Mr,0
19,S,0,10.1708,0,688,3,male,0,3,Mr,0
19,S,0,10.5,0,227,2,male,0,S,Mr,1
19,S,0,10.5,0,239,2,male,0,2,Mr,0
19,S,0,13,0,192,2,male,0,2,Mr,0
19,S,0,14.5,0,576,3,male,0,3,Mr,0
19,S,0,26,0,428,2,female,0,2,Miss,1
19,S,0,30,0,888,1,female,0,1,Miss,1
19,S,1,7.8542,0,193,3,female,1,3,Miss,1
19,S,1,26,0,547,2,female,1,2,Mrs,1
19,S,1,53.1,0,749,1,male,1,1,Mr,0
19,S,2,26.2833,2,137,1,female,0,1,Miss,1
19,S,2,36.75,1,146,2,male,1,C,Mr,0
19,S,5,263,2,28,1,male,3,1,Mr,0
20,C,0,4.0125,0,379,3,male,0,2,Mr,0
20,C,0,7.2292,0,763,3,male,0,2,Mr,1
20,C,2,15.7417,1,623,3,male,1,2,Mr,1
20,S,0,7.05,0,132,3,male,0,S,Mr,0
20,S,0,7.25,0,228,3,male,0,A,Mr,0
20,S,0,7.8542,0,92,3,male,0,3,Mr,0
20,S,0,7.8542,0,641,3,male,0,3,Mr,0
20,S,0,7.925,0,841,3,male,0,S,Mr,0
20,S,0,8.05,0,13,3,male,0,A,Mr,0
20,S,0,8.6625,0,405,3,female,0,3,Miss,0
20,S,0,8.6625,0,726,3,male,0,3,Mr,0
20,S,0,9.225,0,683,3,male,0,6,Mr,0
20,S,0,9.5,0,442,3,male,0,3,Mr,0
20,S,0,9.8458,0,877,3,male,0,7,Mr,0
20,S,1,7.925,0,665,3,male,1,S,Mr,1
20,S,1,9.825,0,114,3,female,1,4,Miss,0
21,C,4,262.375,2,743,1,female,2,P,Miss,1
21,Q,0,7.7333,0,422,3,male,0,A,Mr,0
21,Q,0,7.75,0,502,3,female,0,3,Miss,0
21,S,0,7.25,0,492,3,male,0,S,Mr,0
21,S,0,7.65,0,107,3,female,0,3,Miss,1
21,S,0,7.775,0,409,3,male,0,3,Mr,0
21,S,0,7.7958,0,392,3,male,0,3,Mr,1
21,S,0,7.8,0,52,3,male,0,A,Mr,0
21,S,0,7.8542,0,624,3,male,0,3,Mr,0
21,S,0,7.925,0,116,3,male,0,S,Mr,0
21,S,0,7.925,0,174,3,male,0,S,Mr,0
21,S,0,8.05,0,38,3,male,0,A,Mr,0
21,S,0,8.05,0,495,3,male,0,A,Mr,0
21,S,0,8.4333,0,653,3,male,0,8,Mr,0
21,S,0,8.6625,0,837,3,male,0,3,Mr,0
21,S,0,10.5,0,57,2,female,0,C,Miss,1
21,S,0,16.1,0,625,3,male,0,5,Mr,0
21,S,0,73.5,0,73,2,male,0,S,Mr,0
21,S,0,77.9583,0,628,1,female,0,1,Miss,1
21,S,1,9.825,0,403,3,female,1,4,Miss,0
21,S,1,11.5,0,862,2,male,1,2,Mr,0
21,S,1,77.2875,1,103,1,male,0,3,Mr,0
21,S,2,73.5,0,121,2,male,2,S,Mr,0
21,S,4,34.375,2,437,3,female,2,W,Miss,0
22,C,0,7.225,0,554,3,male,0,2,Mr,1
22,C,0,7.2292,0,61,3,male,0,2,Mr,0
22,C,0,135.6333,0,374,1,male,0,P,Mr,0
22,C,2,49.5,2,540,1,female,0,1,Miss,1
22,C,3,41.5792,2,609,2,female,1,S,Mrs,1
22,Q,0,7.75,0,290,3,female,0,3,Miss,1
22,S,0,7.125,0,244,3,male,0,S,Mr,0
22,S,0,7.25,0,213,3,male,0,A,Mr,0
22,S,0,7.25,0,321,3,male,0,A,Mr,0
22,S,0,7.25,0,377,3,female,0,C,Miss,1
22,S,0,7.5208,0,479,3,male,0,3,Mr,0
22,S,0,7.75,0,142,3,female,0,3,Miss,1
22,S,0,7.775,0,555,3,female,0,3,Miss,1
22,S,0,7.7958,0,396,3,male,0,3,Mr,0
22,S,0,7.8958,0,288,3,male,0,3,Mr,0
22,S,0,7.8958,0,522,3,male,0,3,Mr,0
22,S,0,8.05,0,113,3,male,0,3,Mr,0
22,S,0,8.05,0,589,3,male,0,1,Mr,0
22,S,0,9,0,81,3,male,0,3,Mr,0
22,S,0,9.35,0,226,3,male,0,P,Mr,0
22,S,0,9.8375,0,475,3,female,0,7,Miss,0
22,S,0,10.5167,0,883,3,female,0,7,Miss,0
22,S,0,151.55,0,709,1,female,0,1,Miss,1
22,S,1,7.25,0,1,3,male,1,A,Mr,0
22,S,1,55,1,357,1,female,0,1,Miss,1
22,S,1,66.6,0,152,1,female,1,1,Mrs,1
22,S,2,29,1,324,2,female,1,2,Mrs,1
23,C,0,13.7917,0,474,2,female,0,S,Mrs,1
23,C,0,15.0458,0,136,2,male,0,S,Mr,0
23,C,1,63.3583,1,98,1,male,0,P,Mr,1
23,C,1,113.275,0,394,1,female,1,3,Miss,1
23,S,0,7.55,0,650,3,female,0,C,Miss,1
23,S,0,7.8542,0,834,3,male,0,3,Mr,0
23,S,0,7.8958,0,754,3,male,0,3,Mr,0
23,S,0,7.925,0,817,3,female,0,S,Miss,0
23,S,0,9.225,0,351,3,male,0,7,Mr,0
23,S,0,10.5,0,399,2,male,0,2,Dr,0
23,S,0,13,0,659,2,male,0,2,Mr,0
23,S,0,13,0,734,2,male,0,2,Mr,0
23,S,0,13,0,735,2,male,0,2,Mr,0
23,S,3,11.5,1,530,2,male,2,2,Mr,0
23,S,5,263,2,89,1,female,3,1,Miss,1
24,C,0,7.2292,0,297,3,male,0,2,Mr,0
24,C,0,49.5042,0,711,1,female,0,P,Mlle,1
24,C,0,69.3,0,370,1,female,0,P,Mme,1
24,C,0,69.3,0,642,1,female,0,P,Mlle,1
24,C,0,79.2,0,140,1,male,0,P,Mr,0
24,C,0,83.1583,0,311,1,female,0,1,Miss,1
24,C,1,247.5208,1,119,1,male,0,P,Mr,0
24,C,3,19.2583,3,859,3,female,0,2,Mrs,1
24,S,0,7.05,0,211,3,male,0,S,Mr,0
24,S,0,7.1417,0,128,3,male,0,C,Mr,1
24,S,0,7.4958,0,515,3,male,0,3,Mr,0
24,S,0,7.7958,0,500,3,male,0,3,Mr,0
24,S,0,7.8958,0,295,3,male,0,3,Mr,0
24,S,0,8.05,0,90,3,male,0,3,Mr,0
24,S,0,8.05,0,677,3,male,0,3,Mr,0
24,S,0,8.85,0,294,3,female,0,3,Miss,0
24,S,0,9.5,0,771,3,male,0,3,Mr,0
24,S,0,10.5,0,235,2,male,0,C,Mr,0
24,S,0,13,0,200,2,female,0,2,Miss,0
24,S,0,13,0,346,2,female,0,2,Miss,1
24,S,0,13,0,865,2,male,0,2,Mr,0
24,S,1,15.85,0,143,3,female,1,S,Mrs,1
24,S,1,16.1,0,744,3,male,1,3,Mr,0
24,S,1,26,0,317,2,female,1,2,Mrs,1
24,S,2,14.5,2,248,2,female,0,2,Mrs,1
24,S,2,16.7,2,395,3,female,0,P,Mrs,1
24,S,2,24.15,0,566,3,male,2,A,Mr,0
24,S,2,73.5,0,656,2,male,2,S,Mr,0
24,S,3,27,1,601,2,female,2,2,Mrs,1
24,S,3,65,2,616,2,female,1,2,Miss,1
24,S,5,18.75,3,438,2,female,2,2,Mrs,1
24,S,5,263,2,342,1,female,3,1,Miss,1
25,C,0,7.225,0,694,3,male,0,2,Mr,0
25,C,1,55.4417,0,371,1,male,1,1,Mr,1
25,C,1,91.0792,0,485,1,male,1,1,Mr,1
25,C,3,41.5792,2,686,2,male,1,S,Mr,0
25,Q,0,7.7417,0,704,3,male,0,3,Mr,0
25,S,0,0,0,272,3,male,0,L,Mr,1
25,S,0,7.05,0,785,3,male,0,S,Mr,0
25,S,0,7.05,0,885,3,male,0,S,Mr,0
25,S,0,7.25,0,786,3,male,0,3,Mr,0
25,S,0,7.65,0,76,3,male,0,3,Mr,0
25,S,0,7.775,0,247,3,female,0,3,Miss,0
25,S,0,7.8958,0,795,3,male,0,3,Mr,0
25,S,0,13,0,135,2,male,0,C,Mr,0
25,S,0,13,0,344,2,male,0,2,Mr,0
25,S,0,13,0,667,2,male,0,2,Mr,0
25,S,1,7.775,0,268,3,male,1,3,Mr,1
25,S,1,7.775,0,443,3,male,1,3,Mr,0
25,S,1,7.925,0,730,3,female,1,S,Miss,0
25,S,1,17.8,0,354,3,male,1,3,Mr,0
25,S,1,26,0,729,2,male,1,2,Mr,0
25,S,1,26,1,881,2,female,0,2,Mrs,1
25,S,2,30,1,581,2,female,1,2,Miss,1
25,S,3,151.55,2,499,1,female,1,1,Mrs,0
26,C,0,18.7875,0,208,3,male,0,2,Mr,1
26,C,0,30,0,890,1,male,0,1,Mr,1
26,C,1,14.4542,0,74,3,male,1,2,Mr,0
26,S,0,7.775,0,163,3,male,0,3,Mr,0
26,S,0,7.8542,0,316,3,female,0,3,Miss,1
26,S,0,7.8875,0,811,3,male,0,3,Mr,0
26,S,0,7.8958,0,629,3,male,0,3,Mr,0
26,S,0,7.8958,0,871,3,male,0,3,Mr,0
26,S,0,7.925,0,3,3,female,0,S,Miss,1
26,S,0,8.05,0,402,3,male,0,3,Mr,0
26,S,0,10.5,0,620,2,male,0,3,Mr,0
26,S,0,56.4958,0,510,3,male,0,1,Mr,1
26,S,0,78.85,0,291,1,female,0,1,Miss,1
26,S,1,7.8542,0,705,3,male,1,3,Mr,0
26,S,1,16.1,0,618,3,female,1,A,Mrs,0
26,S,2,8.6625,0,70,3,male,2,3,Mr,0
26,S,2,26,1,313,2,female,1,2,Mrs,0
26,S,3,20.575,2,94,3,male,1,C,Mr,0
27,C,0,76.7292,0,682,1,male,0,P,Mr,1
27,C,1,13.8583,0,867,2,female,1,S,Miss,1
27,C,1,14.4542,0,621,3,male,1,2,Mr,0
27,C,2,211.5,2,378,1,male,0,1,Mr,0
27,S,0,6.975,0,805,3,male,0,3,Mr,1
27,S,0,7.7958,0,147,3,male,0,3,Mr,1
27,S,0,7.8958,0,322,3,male,0,3,Mr,0
27,S,0,7.925,0,217,3,female,0,S,Miss,1
27,S,0,8.6625,0,822,3,male,0,3,Mr,1
27,S,0,10.5,0,718,2,female,0,3,Miss,1
27,S,0,13,0,222,2,male,0,2,Mr,0
27,S,0,13,0,887,2,male,0,2,Rev,0
27,S,0,26,0,552,2,male,0,2,Mr,0
27,S,0,30.5,0,608,1,male,0,1,Mr,1
27,S,1,12.475,1,824,3,female,0,3,Mrs,1
27,S,1,21,0,42,2,female,1,1,Mrs,0
27,S,1,53.1,0,725,1,male,1,1,Mr,1
27,S,2,11.1333,2,9,3,female,0,3,Mrs,1
28,C,0,7.2292,0,58,3,male,0,2,Mr,0
28,C,1,24,0,875,2,female,1,P,Mrs,1
28,C,1,82.1708,0,35,1,male,1,P,Mr,0
28,S,0,7.7958,0,757,3,male,0,3,Mr,0
28,S,0,7.8542,0,282,3,male,0,3,Mr,0
28,S,0,7.8958,0,101,3,female,0,3,Miss,0
28,S,0,7.8958,0,106,3,male,0,3,Mr,0
28,S,0,7.8958,0,314,3,male,0,3,Mr,0
28,S,0,9.5,0,201,3,male,0,3,Mr,0
28,S,0,9.5,0,356,3,male,0,3,Mr,0
28,S,0,10.5,0,884,2,male,0,C,Mr,0
28,S,0,12.65,0,400,2,female,0,2,Mrs,1
28,S,0,13,0,343,2,male,0,2,Mr,0
28,S,0,13,0,444,2,female,0,2,Ms,1
28,S,0,13,0,636,2,female,0,2,Miss,1
28,S,0,13.5,0,563,2,male,0,2,Mr,0
28,S,0,16.1,0,736,3,male,0,5,Mr,0
28,S,0,22.525,0,509,3,male,0,C,Mr,0
28,S,0,26.55,0,431,1,male,0,1,Mr,1
28,S,0,35.5,0,24,1,male,0,1,Mr,1
28,S,0,47.1,0,84,1,male,0,1,Mr,0
28,S,0,56.4958,0,170,3,male,0,1,Mr,0
28,S,1,15.85,0,404,3,male,1,S,Mr,0
28,S,1,26,0,427,2,female,1,2,Mrs,1
28,S,1,33,1,849,2,male,0,2,Rev,0
28,S,2,7.925,0,393,3,male,2,3,Mr,0
28,S,2,14.4,1,424,3,female,1,3,Mrs,0
29,C,0,7.8958,0,456,3,male,0,3,Mr,1
29,C,1,27.7208,0,362,2,male,1,S,Mr,0
29,C,2,15.2458,2,256,3,female,0,2,Mrs,1
29,Q,0,7.75,0,511,3,male,0,3,Mr,1
29,S,0,7.775,0,232,3,male,0,3,Mr,0
29,S,0,7.875,0,423,3,male,0,3,Mr,0
29,S,0,8.05,0,91,3,male,0,3,Mr,0
29,S,0,9.4833,0,714,3,male,0,7,Mr,0
29,S,0,9.5,0,82,3,male,0,3,Mr,1
29,S,0,10.5,0,67,2,female,0,C,Mrs,1
29,S,0,10.5,0,243,2,male,0,W,Mr,0
29,S,0,30,0,783,1,male,0,1,Mr,0
29,S,0,211.3375,0,731,1,female,0,2,Miss,1
29,S,1,7.0458,0,478,3,male,1,3,Mr,0
29,S,1,21,0,118,2,male,1,1,Mr,0
29,S,1,26,0,54,2,female,1,2,Mrs,1
29,S,1,26,0,134,2,female,1,2,Mrs,1
29,S,1,66.6,0,337,1,male,1,1,Mr,0
29,S,2,10.4625,1,252,3,female,1,3,Mrs,0
29,S,4,21.075,4,568,3,female,0,3,Mrs,0
30,C,0,7.225,0,245,3,male,0,2,Mr,0
30,C,0,7.2292,0,799,3,male,0,2,Mr,0
30,C,0,27.75,0,453,1,male,0,1,Mr,0
30,C,0,31,0,843,1,female,0,1,Miss,1
30,C,0,56.9292,0,310,1,female,0,P,Miss,1
30,C,0,106.425,0,538,1,female,0,P,Miss,1
30,C,1,24,0,309,2,male,1,P,Mr,0
30,Q,0,7.75,0,768,3,female,0,3,Miss,0
30,Q,0,12.35,0,323,2,female,0,2,Miss,1
30,S,0,7.25,0,366,3,male,0,C,Mr,0
30,S,0,7.8958,0,607,3,male,0,3,Mr,0
30,S,0,8.05,0,158,3,male,0,S,Mr,0
30,S,0,8.05,0,489,3,male,0,A,Mr,0
30,S,0,8.05,0,815,3,male,0,3,Mr,0
30,S,0,8.6625,0,535,3,female,0,3,Miss,0
30,S,0,9.5,0,287,3,male,0,3,Mr,1
30,S,0,10.5,0,220,2,male,0,W,Mr,0
30,S,0,12.475,0,80,3,female,0,3,Miss,1
30,S,0,13,0,179,2,male,0,2,Mr,0
30,S,0,13,0,214,2,male,0,2,Mr,0
30,S,0,13,0,419,2,male,0,2,Mr,0
30,S,0,13,0,748,2,female,0,2,Miss,1
30,S,0,86.5,0,258,1,female,0,1,Miss,1
30,S,0,93.5,0,521,1,female,0,1,Miss,1
30,S,1,16.1,0,254,3,male,1,A,Mr,0
30,S,2,24.15,1,800,3,female,1,3,Mrs,0
30,S,3,21,0,727,2,female,3,3,Mrs,1
31,C,1,113.275,0,216,1,female,1,3,Miss,1
31,C,2,37.0042,1,818,2,male,1,S,Mr,0
31,Q,0,7.75,0,750,3,male,0,3,Mr,0
31,S,0,7.775,0,806,3,male,0,3,Mr,0
31,S,0,7.8542,0,397,3,female,0,3,Miss,0
31,S,0,7.925,0,745,3,male,0,S,Mr,1
31,S,0,8.6833,0,798,3,female,0,3,Mrs,1
31,S,0,10.5,0,440,2,male,0,C,Mr,0
31,S,0,13,0,674,2,male,0,2,Mr,1
31,S,0,50.4958,0,868,1,male,0,P,Mr,0
31,S,1,18,0,19,3,female,1,3,Mrs,0
31,S,1,52,0,672,1,male,1,F,Mr,0
31,S,1,57,0,691,1,male,1,1,Mr,1
31,S,2,20.525,1,329,3,female,1,3,Mrs,1
31,S,2,26.25,1,638,2,male,1,C,Mr,0
31,S,2,26.25,1,802,2,female,1,C,Mrs,1
31,S,2,164.8667,2,319,1,female,0,3,Miss,1
32,C,0,30.5,0,633,1,male,0,1,Dr,1
32,C,0,76.2917,0,219,1,female,0,1,Miss,1
32,C,1,30.0708,0,123,2,male,1,2,Mr,0
32,Q,0,7.75,0,891,3,male,0,3,Mr,0
32,Q,2,15.5,1,658,3,female,1,3,Mrs,0
32,S,0,7.8542,0,570,3,male,0,3,Mr,1
32,S,0,7.8958,0,520,3,male,0,3,Mr,0
32,S,0,7.925,0,383,3,male,0,S,Mr,0
32,S,0,7.925,0,580,3,male,0,S,Mr,1
32,S,0,7.925,0,637,3,male,0,S,Mr,0
32,S,0,8.05,0,430,3,male,0,S,Mr,1
32,S,0,8.3625,0,770,3,male,0,8,Mr,0
32,S,0,10.5,0,71,2,male,0,C,Mr,0
32,S,0,13,0,124,2,female,0,2,Miss,1
32,S,0,13,0,191,2,female,0,2,Mrs,1
32,S,0,56.4958,0,75,3,male,0,1,Mr,1
32,S,0,56.4958,0,839,3,male,0,1,Mr,1
32,S,1,15.85,0,207,3,male,1,3,Mr,0
32,S,1,26,0,544,2,male,1,2,Mr,1
32,S,2,73.5,0,666,2,male,2,S,Mr,0
33,C,0,7.8958,0,131,3,male,0,3,Mr,0
33,C,0,8.6625,0,286,3,male,0,3,Mr,0
33,Q,1,90,0,413,1,female,1,1,Miss,1
33,S,0,5,0,873,1,male,0,6,Mr,0
33,S,0,7.775,0,720,3,male,0,3,Mr,0
33,S,0,7.8958,0,882,3,male,0,3,Mr,0
33,S,0,8.6542,0,104,3,male,0,7,Mr,0
33,S,0,9.5,0,753,3,male,0,3,Mr,0
33,S,0,12.275,0,240,2,male,0,S,Mr,0
33,S,0,86.5,0,760,1,female,0,1,the Countess,1
33,S,1,53.1,0,810,1,female,1,1,Mrs,1
33,S,2,20.525,1,549,3,male,1,3,Mr,0
33,S,2,26,2,507,2,female,0,2,Mrs,1
33,S,3,15.85,0,86,3,female,3,3,Mrs,1
33,S,3,27.75,2,473,2,female,1,C,Mrs,1
34,C,0,6.4375,0,844,3,male,0,2,Mr,0
34,S,0,6.4958,0,203,3,male,0,3,Mr,0
34,S,0,8.05,0,462,3,male,0,3,Mr,0
34,S,0,8.05,0,759,3,male,0,3,Mr,0
34,S,0,10.5,0,517,2,female,0,C,Mrs,1
34,S,0,13,0,22,2,male,0,2,Mr,1
34,S,0,13,0,577,2,female,0,2,Miss,1
34,S,0,13,0,723,2,male,0,1,Mr,0
34,S,0,13,0,801,2,male,0,2,Mr,0
34,S,0,26.55,0,448,1,male,0,1,Mr,1
34,S,1,21,0,406,2,male,1,2,Mr,0
34,S,1,21,0,477,2,male,1,3,Mr,0
34,S,1,23,1,99,2,female,0,2,Mrs,1
34,S,1,26,0,100,2,male,1,2,Mr,0
34,S,2,14.4,1,617,3,male,1,3,Mr,0
34,S,2,32.5,1,417,2,female,1,2,Mrs,1
35,C,0,7.8958,0,848,3,male,0,3,Mr,0
35,C,0,26.55,0,605,1,male,0,1,Mr,1
35,C,0,512.3292,0,259,1,female,0,P,Miss,1
35,C,0,512.3292,0,738,1,male,0,P,Mr,1
35,S,0,7.05,0,364,3,male,0,S,Mr,0
35,S,0,7.125,0,591,3,male,0,S,Mr,0
35,S,0,8.05,0,5,3,male,0,3,Mr,0
35,S,0,8.05,0,615,3,male,0,3,Mr,0
35,S,0,10.5,0,813,2,male,0,2,Mr,0
35,S,0,21,0,212,2,female,0,F,Miss,1
35,S,0,26,0,21,2,male,0,2,Mr,0
35,S,0,26.2875,0,702,1,male,0,P,Mr,1
35,S,0,135.6333,0,270,1,female,0,P,Miss,1
35,S,1,52,0,384,1,female,1,1,Mrs,1
35,S,1,53.1,0,4,1,female,1,1,Mrs,1
35,S,1,83.475,0,231,1,female,1,3,Mrs,1
35,S,1,90,0,487,1,female,1,1,Mrs,1
35,S,2,20.25,1,280,3,female,1,C,Mrs,1
36,C,0,12.875,0,293,2,male,0,S,Mr,0
36,C,0,40.125,0,584,1,male,0,1,Mr,0
36,C,0,135.6333,0,326,1,female,0,P,Miss,1
36,C,1,512.3292,1,680,1,male,0,P,Mr,1
36,S,0,0,0,180,3,male,0,L,Mr,0
36,S,0,7.4958,0,664,3,male,0,3,Mr,0
36,S,0,7.8958,0,190,3,male,0,3,Mr,0
36,S,0,10.5,0,266,2,male,0,C,Mr,0
36,S,0,13,0,328,2,female,0,2,Mrs,1
36,S,0,13,0,345,2,male,0,2,Mr,0
36,S,0,13,0,388,2,female,0,2,Miss,1
36,S,0,26.2875,0,513,1,male,0,P,Mr,1
36,S,0,26.3875,0,573,1,male,0,P,Mr,1
36,S,1,15.55,0,606,3,male,1,3,Mr,0
36,S,1,17.4,0,560,3,female,1,3,Mrs,1
36,S,1,26,0,519,2,female,1,2,Mrs,1
36,S,1,78.85,0,742,1,male,1,1,Mr,0
36,S,2,24.15,1,596,3,male,1,3,Mr,0
36,S,2,26,2,149,2,male,0,2,Mr,0
36,S,2,71,2,541,1,female,0,W,Miss,1
36,S,3,27.75,2,451,2,male,1,C,Mr,0
36,S,3,120,2,391,1,male,1,1,Mr,1
36,S,3,120,2,764,1,female,1,1,Mrs,1
37,C,1,29.7,1,274,1,male,0,P,Mr,0
37,S,0,9.5875,0,504,3,female,0,4,Miss,0
37,S,1,26,0,595,2,male,1,S,Mr,0
37,S,1,53.1,0,138,1,male,1,1,Mr,0
37,S,2,7.925,0,105,3,male,2,3,Mr,0
37,S,2,52.5542,1,249,1,male,1,1,Mr,1
38,C,0,227.525,0,717,1,female,0,P,Miss,1
38,C,1,71.2833,0,2,1,female,1,P,Mrs,1
38,S,0,0,0,823,1,male,0,1,Jonkheer,0
38,S,0,7.05,0,466,3,male,0,S,Mr,0
38,S,0,7.8958,0,109,3,male,0,3,Mr,0
38,S,0,8.6625,0,472,3,male,0,3,Mr,0
38,S,0,13,0,358,2,female,0,2,Miss,0
38,S,1,90,0,225,1,male,1,1,Mr,1
38,S,1,153.4625,1,333,1,male,0,P,Mr,0
38,S,6,31.3875,5,26,3,female,1,3,Mrs,1
39,C,2,83.1583,1,836,1,female,1,P,Miss,1
39,C,2,110.8833,1,582,1,female,1,1,Mrs,1
39,Q,5,29.125,5,886,3,female,0,3,Mrs,0
39,S,0,0,0,807,1,male,0,1,Mr,0
39,S,0,7.925,0,401,3,male,0,S,Mr,1
39,S,0,7.925,0,529,3,male,0,3,Mr,0
39,S,0,13,0,796,2,male,0,2,Mr,0
39,S,0,13,0,809,2,male,0,2,Mr,0
39,S,0,24.15,0,812,3,male,0,A,Mr,0
39,S,0,26,0,706,2,male,0,2,Mr,0
39,S,1,55.9,0,578,1,female,1,1,Mrs,1
39,S,2,79.65,1,559,1,female,1,1,Mrs,1
39,S,6,31.275,5,14,3,male,1,3,Mr,0
39,S,6,31.275,5,611,3,female,1,3,Mrs,0
40,C,0,7.225,0,662,3,male,0,2,Mr,0
40,C,0,27.7208,0,31,1,male,0,P,Don,0
40,C,0,31,0,210,1,male,0,1,Mr,1
40,C,2,134.5,1,320,1,female,1,1,Mrs,1
40,Q,0,7.75,0,526,3,male,0,3,Mr,0
40,Q,2,15.5,1,189,3,male,1,3,Mr,0
40,S,0,0,0,264,1,male,0,1,Mr,0
40,S,0,7.8958,0,562,3,male,0,3,Mr,0
40,S,0,13,0,347,2,female,0,3,Miss,1
40,S,0,15.75,0,162,2,female,0,C,Mrs,1
40,S,0,153.4625,0,610,1,female,0,P,Miss,1
40,S,1,9.475,0,41,3,female,1,7,Mrs,0
40,S,2,14.5,2,154,3,male,0,A,Mr,0
40,S,2,39,1,671,2,female,1,2,Mrs,1
40,S,5,27.9,4,361,3,male,1,3,Mr,0
41,C,0,134.5,0,338,1,female,0,1,Miss,1
41,S,0,7.125,0,762,3,male,0,S,Mr,0
41,S,1,19.5,1,273,2,female,0,2,Mrs,1
41,S,2,14.1083,0,861,3,male,2,3,Mr,0
41,S,2,20.2125,2,255,3,female,0,3,Mrs,0
41,S,5,39.6875,5,639,3,female,0,3,Mrs,0
42,C,0,227.525,0,381,1,female,0,P,Miss,1
42,S,0,7.55,0,846,3,male,0,C,Mr,0
42,S,0,7.65,0,700,3,male,0,3,Mr,0
42,S,0,8.6625,0,350,3,male,0,3,Mr,0
42,S,0,13,0,150,2,male,0,2,Rev,0
42,S,0,13,0,289,2,male,0,2,Mr,1
42,S,0,13,0,866,2,female,0,2,Mrs,1
42,S,0,26.2875,0,708,1,male,0,P,Mr,1
42,S,1,8.4042,1,198,3,male,0,4,Mr,0
42,S,1,26,0,433,2,female,1,S,Mrs,1
42,S,1,27,0,218,2,male,1,2,Mr,0
42,S,1,52,0,36,1,male,1,1,Mr,0
42,S,1,52.5542,0,622,1,male,1,1,Mr,1
43,S,0,6.45,0,819,3,male,0,C,Mr,0
43,S,0,8.05,0,669,3,male,0,A,Mr,0
43,S,1,211.3375,1,780,1,female,0,2,Mrs,1
43,S,2,26.25,1,315,2,male,1,F,Mr,0
43,S,7,46.9,6,679,3,female,1,C,Mrs,0
44,C,0,27.7208,0,195,1,female,0,P,Mrs,1
44,C,1,57.9792,1,524,1,female,0,1,Mrs,1
44,Q,2,90,0,246,1,male,2,1,Dr,0
44,S,0,7.925,0,415,3,male,0,S,Mr,1
44,S,0,8.05,0,604,3,male,0,3,Mr,0
44,S,0,8.05,0,697,3,male,0,3,Mr,0
44,S,1,16.1,1,161,3,male,0,3,Mr,0
44,S,1,26,0,237,2,male,1,2,Mr,0
44,S,1,26,0,855,2,female,1,2,Mrs,0
45,C,1,14.4542,1,363,3,female,0,2,Mrs,0
45,S,0,6.975,0,130,3,male,0,3,Mr,0
45,S,0,7.75,0,277,3,female,0,3,Miss,0
45,S,0,8.05,0,339,3,male,0,7,Mr,1
45,S,0,13.5,0,707,2,female,0,2,Mrs,1
45,S,0,26.55,0,188,1,male,0,1,Mr,1
45,S,0,26.55,0,537,1,male,0,1,Major,0
45,S,0,35.5,0,340,1,male,0,1,Mr,0
45,S,1,83.475,0,63,1,male,1,3,Mr,0
45,S,2,26.25,1,441,2,female,1,F,Mrs,1
45,S,2,164.8667,1,857,1,female,1,3,Mrs,1
45,S,5,27.9,4,168,3,female,1,3,Mrs,0
46,C,0,7.225,0,204,3,male,0,2,Mr,0
46,C,0,79.2,0,790,1,male,0,P,Mr,0
46,S,0,26,0,398,2,male,0,2,Mr,0
46,S,0,28.5,0,332,1,male,0,1,Mr,0
46,S,1,61.175,0,93,1,male,1,W,Mr,0
47,S,0,7.25,0,593,3,male,0,A,Mr,0
47,S,0,9,0,874,3,male,0,3,Mr,0
47,S,0,15,0,587,2,male,0,2,Mr,0
47,S,0,25.5875,0,663,1,male,0,5,Mr,0
47,S,0,34.0208,0,516,1,male,0,3,Mr,0
47,S,0,38.5,0,463,1,male,0,1,Mr,0
47,S,0,52,0,111,1,male,0,1,Mr,0
47,S,1,14.5,0,133,3,female,1,A,Mrs,0
47,S,2,52.5542,1,872,1,female,1,1,Mrs,1
48,C,1,39.6,0,557,1,female,1,1,Lady,1
48,C,1,76.7292,0,646,1,male,1,P,Mr,1
48,S,0,7.8542,0,772,3,male,0,3,Mr,0
48,S,0,13,0,464,2,male,0,2,Mr,0
48,S,0,25.9292,0,863,1,female,0,1,Mrs,1
48,S,0,26.55,0,461,1,male,0,1,Mr,1
48,S,1,52,0,713,1,male,1,1,Mr,1
48,S,3,65,2,755,2,female,1,2,Mrs,1
48,S,4,34.375,3,737,3,female,1,W,Mrs,0
49,C,1,56.9292,0,600,1,male,1,P,Sir,1
49,C,1,76.7292,0,53,1,female,1,P,Mrs,1
49,C,1,89.1042,0,454,1,male,1,1,Mr,1
49,C,2,110.8833,1,699,1,male,1,1,Mr,0
49,S,0,0,0,598,3,male,0,L,Mr,0
49,S,0,25.9292,0,797,1,female,0,1,Dr,1
50,C,0,28.7125,0,178,1,female,0,P,Miss,0
50,C,1,106.425,0,545,1,male,1,P,Mr,0
50,C,1,247.5208,1,300,1,female,0,P,Mrs,1
50,S,0,8.05,0,483,3,male,0,A,Mr,0
50,S,0,10.5,0,459,2,female,0,F,Miss,1
50,S,0,10.5,0,527,2,female,0,W,Miss,1
50,S,0,13,0,724,2,male,0,2,Mr,0
50,S,1,26,1,260,2,female,0,2,Mrs,1
50,S,1,55.9,0,435,1,male,1,1,Mr,0
50,S,2,133.65,0,661,1,male,2,P,Dr,1
51,C,1,61.3792,1,156,1,male,0,P,Mr,0
51,S,0,7.0542,0,632,3,male,0,3,Mr,0
51,S,0,7.75,0,407,3,male,0,3,Mr,0
51,S,0,8.05,0,223,3,male,0,2,Mr,0
51,S,0,12.525,0,151,2,male,0,S,Rev,0
51,S,0,26.55,0,858,1,male,0,1,Mr,1
51,S,1,77.9583,0,766,1,female,1,1,Mrs,1
52,C,1,78.2667,0,592,1,female,1,3,Mrs,1
52,S,0,13,0,715,2,male,0,2,Mr,0
52,S,0,13.5,0,696,2,male,0,2,Mr,0
52,S,0,30.5,0,450,1,male,0,1,Major,1
52,S,2,79.65,1,263,1,male,1,1,Mr,0
52,S,2,93.5,1,821,1,female,1,1,Mrs,1
53,S,2,51.4792,0,572,1,female,2,1,Mrs,1
54,C,1,59.4,0,514,1,female,1,P,Mrs,1
54,C,1,78.2667,0,497,1,female,1,3,Miss,1
54,S,0,14,0,318,2,male,0,2,Dr,0
54,S,0,26,0,583,2,male,0,2,Mr,0
54,S,0,51.8625,0,7,1,male,0,1,Mr,0
54,S,1,26,0,250,2,male,1,2,Rev,0
54,S,1,77.2875,1,125,1,male,0,3,Mr,0
54,S,4,23,3,775,2,female,1,2,Mrs,1
55,S,0,16,0,16,2,female,0,2,Mrs,1
55,S,0,30.5,0,493,1,male,0,1,Mr,0
56,C,0,30.6958,0,175,1,male,0,1,Mr,0
56,C,0,35.5,0,648,1,male,0,1,Col,1
56,C,1,83.1583,1,880,1,female,0,1,Mrs,1
56,S,0,8.05,0,153,3,male,0,A,Mr,0
56,S,0,26.55,0,468,1,male,0,1,Mr,0
57,Q,0,12.35,0,627,2,male,0,2,Rev,0
57,S,0,10.5,0,773,2,female,0,S,Mrs,0
58,C,0,29.7,0,488,1,male,0,1,Mr,0
58,C,0,146.5208,0,196,1,female,0,P,Miss,1
58,C,2,113.275,2,660,1,male,0,3,Mr,0
58,S,0,26.55,0,12,1,female,0,1,Miss,1
58,S,1,153.4625,1,269,1,female,0,P,Mrs,1
59,S,0,7.25,0,95,3,male,0,3,Mr,0
59,S,0,13.5,0,233,2,male,0,2,Mr,0
60,C,1,75.25,0,367,1,female,1,1,Mrs,1
60,C,2,79.2,1,588,1,male,1,1,Mr,1
60,S,0,26.55,0,695,1,male,0,1,Col,0
60,S,2,39,1,685,2,male,1,2,Mr,0
61,S,0,6.2375,0,327,3,male,0,3,Mr,0
61,S,0,32.3208,0,626,1,male,0,3,Mr,0
61,S,0,33.5,0,171,1,male,0,1,Mr,0
62,S,0,10.5,0,571,2,male,0,S,Mr,1
62,S,0,26.55,0,253,1,male,0,1,Mr,0
62,S,0,26.55,0,556,1,male,0,1,Mr,0
63,S,0,9.5875,0,484,3,female,0,4,Mrs,1
63,S,1,77.9583,0,276,1,female,1,1,Miss,1
64,S,0,26,0,546,1,male,0,6,Mr,0
64,S,5,263,4,439,1,male,1,1,Mr,0
65,C,1,61.9792,1,55,1,male,0,1,Mr,0
65,Q,0,7.75,0,281,3,male,0,3,Mr,0
65,S,0,26.55,0,457,1,male,0,1,Mr,0
66,S,0,10.5,0,34,2,male,0,C,Mr,0
70,Q,0,7.75,0,117,3,male,0,3,Mr,0
70,S,0,10.5,0,673,2,male,0,C,Mr,0
70,S,2,71,1,746,1,male,1,W,Capt,0
71,C,0,34.6542,0,97,1,male,0,P,Mr,0
71,C,0,49.5042,0,494,1,male,0,P,Mr,0
74,S,0,7.775,0,852,3,male,0,3,Mr,0
80,S,0,30,0,631,1,male,0,2,Mr,1
